policy,n,mean_cost_h,median_cost_h,optimal_rate,mean_regret_h,total_regret_days,window,margin,tu
w=1000 m=0.2 TU=on,8299,151.02267967797104,147.4952418993055,0.7823834196891192,1.0488750019679651,362.692235055506,1000,0.2,True
w=1000 m=0.3 TU=on,8299,151.29270532999922,147.88488145599075,0.8064827087600915,1.318900653996146,456.064855313084,1000,0.3,True
w=100 m=0.2 TU=on,8299,153.499519804326,148.059370330682,0.8028678153994457,3.525715128322951,1219.1629104146737,100,0.2,True
w=300 m=0.0 TU=on,8299,153.65372368467285,148.4358626563784,0.7805759730087962,3.679919008669781,1272.4853272062712,300,0.0,True
w=300 m=0.0 TU=off,8299,153.85789832895526,148.6485197040447,0.7762381009760212,3.884093652952172,1343.0872177437532,300,0.0,False
w=100 m=0.3 TU=on,8299,154.23043480541267,148.4358626563784,0.7516568261236294,4.256630129409615,1471.9072268321,100,0.3,True
w=300 m=0.1 TU=on,8299,154.27559678175916,148.62240173181166,0.7650319315580191,4.301792105756107,1487.5238619029135,300,0.1,True
w=300 m=0.1 TU=off,8299,154.7641946449352,149.07141023592595,0.720568743222075,4.790389968932149,1656.4769313403292,300,0.1,False
w=300 m=0.3 TU=off,8299,154.81892300850262,149.83446141493042,0.6491143511266417,4.84511833249958,1675.4015433922507,300,0.3,False
w=300 m=0.3 TU=on,8299,154.81892300850262,149.83446141493042,0.6491143511266417,4.84511833249958,1675.4015433922507,300,0.3,True
w=100 m=0.1 TU=on,8299,154.8480037996696,147.8153564686877,0.7922641282082179,4.874199123666549,1685.457438637862,100,0.1,True
w=100 m=0.0 TU=on,8299,155.1274507540184,148.17121272513023,0.7787685263284733,5.153646078015377,1782.0878667270672,100,0.0,True
w=100 m=0.2 TU=off,8299,155.80874144734852,148.35507339825213,0.7840703699240872,5.8349367713455,2017.6725110581792,100,0.2,False
w=100 m=0.0 TU=off,8299,156.03509082009336,148.34546945268855,0.7699722858175684,6.061286144090328,2095.942237908568,100,0.0,False
w=300 m=0.2 TU=off,8299,156.06928574356255,149.39779816485998,0.5769369803590794,6.095481067559488,2107.766557486508,300,0.2,False
w=300 m=0.2 TU=on,8299,156.06928574356255,149.39779816485998,0.5769369803590794,6.095481067559488,2107.766557486508,300,0.2,True
w=100 m=0.1 TU=off,8299,156.14677447737347,148.31750946216738,0.7663573924569225,6.17296980137041,2134.561515898876,100,0.1,False
w=100 m=0.3 TU=off,8299,157.2780715434299,148.93276142020943,0.7285215086154958,7.304266867426841,2525.7546138656394,100,0.3,False
w=1000 m=0.0 TU=on,8299,164.53696642150803,156.05876166666698,0.3900469936136884,14.563161745504946,5035.819971914398,1000,0.0,True
w=1000 m=0.0 TU=off,8299,164.92533332177112,156.1527879650154,0.3757079166164598,14.951528645768045,5170.114009634542,1000,0.0,False
w=1000 m=0.1 TU=on,8299,165.67715047855344,158.60310109859836,0.4059525244005302,15.703345802550373,5430.086117306898,1000,0.1,True
w=1000 m=0.1 TU=off,8299,169.1376092633818,162.01942398572953,0.33172671406193516,19.163804587378717,6626.683927943999,1000,0.1,False
w=1000 m=0.2 TU=off,8299,172.7049229521322,173.8911349483205,0.20448246776720086,22.731118276129124,7860.231273899816,1000,0.2,False
w=1000 m=0.3 TU=off,8299,173.50568230251199,174.768568412186,0.1796602000240993,23.531877626508916,8137.127184266563,1000,0.3,False
