period_d,drift,static,cost_tracking,advantage
240,abrupt,10.081967213114753,6.081147540983607,4.000819672131146
240,gradual,105.01641118083536,4.3173641346367,100.69904704619866
240,oscillating,47.13114754098362,9.860109289617485,37.271038251366136
180,abrupt,11.803278688524589,7.08360655737705,4.719672131147539
180,gradual,113.11358648155438,6.529839053888007,106.58374742766637
180,oscillating,67.86885245901638,12.55464480874317,55.31420765027321
120,abrupt,10.819672131147541,8.574590163934428,2.245081967213114
120,gradual,103.76636750581471,13.793209297920377,89.97315820789433
120,oscillating,67.86885245901638,18.940710382513664,48.928142076502716
90,abrupt,10.327868852459014,10.019398907103826,0.30846994535518846
90,gradual,92.31365658218155,19.29492807464809,73.01872850753347
90,oscillating,62.213114754098356,20.20792349726776,42.0051912568306
60,abrupt,9.836065573770494,12.078415300546446,-2.2423497267759522
60,gradual,84.4311928016579,32.88182727075862,51.54936553089928
60,oscillating,22.377049180327862,23.14672131147541,-0.7696721311475478
45,abrupt,10.327868852459014,12.67322404371585,-2.345355191256836
45,gradual,69.68632871349749,47.73052736057723,21.95580135292026
45,oscillating,22.745901639344257,23.149453551912572,-0.40355191256831446
30,abrupt,9.836065573770494,11.775956284153006,-1.939890710382512
30,gradual,72.04158580037078,75.27782171654091,-3.2362359161701306
30,oscillating,22.377049180327862,21.365846994535517,1.0112021857923459
20,abrupt,9.774590163934423,10.968852459016395,-1.1942622950819715
20,gradual,69.15926870662601,73.06550893063506,-3.9062402240090535
20,oscillating,22.377049180327862,20.968306010928963,1.4087431693988997
15,abrupt,9.836065573770494,11.522131147540984,-1.68606557377049
15,gradual,69.26365270603114,28.72542711544419,40.53822559058695
15,oscillating,22.377049180327862,22.145081967213113,0.23196721311474988
